user_id,name
1,Chlo Baston
2,Dame Dodson
3,Briney Izacenko
4,Boony Glide
5,Mada Brizland
6,Windham Longstreeth
7,Leona Fenners
8,Merridie Laight
9,Belle Billo
10,Nichole Robbel
11,Milicent Richter
12,Teena O'Fergus
13,Ebonee Rowell
14,Alasdair Corradeschi
15,De O'Bradane
16,Abbie Maryet
17,Berti Littlejohn
18,Joyous Gluyus
19,Sissy Bedborough
20,Godfrey Ranking
21,Anatola Janse
22,Major Brockway
23,Russ MacMorland
24,Cherie Iannuzzelli
25,Bartel Norman
26,Wilbert Yesichev
27,Merrilee Drescher
28,Caril Erangey
29,Gennie Tremelling
30,Ariana Dollar
31,Dwayne Bech
32,Kizzie Rasher
33,Hattie Matussevich
34,Gregory Brotherick
35,Rafaellle Imlin
36,Baryram Varvara
37,Quinn Enderby
38,Anna-diana Riddler
39,Felix Salerno
40,Wylie Malloch
41,Cindy D'Emanuele
42,Larine Whitsey
43,Jamison Sturridge
44,Rorie Ferron
45,Morgun Spiniello
46,Leonidas Rowcastle
47,Alberik Dechelle
48,Hardy Chapple
49,Moises Zimmerman
50,Grady Pleming
51,Stanwood Le Breton
52,Hymie McQuade
53,Chery Landeaux
54,Kliment Gosney
55,Lisbeth De Atta
56,Justina Biesty
57,Teena Murden
58,Dareen Di Franceschi
59,Daryl Lean
60,Penrod Springtorpe
61,Burg Herkess
62,Eberhard Holgan
63,Holden Phillimore
64,Idell Collopy
65,Courtney Schild
66,Darlene Camelia
67,Melicent Fee
68,Jae Ogelbe
69,Stern McCabe
70,Garwin Vaneschi
71,Odie O'Beirne
72,Iggy McNirlin
73,Basilius Tomblin
74,Cornie Ridolfo
75,Rickert Dinley
76,Daune Isaksen
77,Lethia Dadge
78,Lemar Erdely
79,Kendra Pitchford
80,Carola Finding
81,Ora Scargill
82,Teena Stansby
83,Alvina Benedict
84,Barbara-anne Phettis
85,Lind Ordelt
86,Natty Murray
87,Ludwig Priel
88,Ardeen Gras
89,Perri Hatchett
90,Millisent Till
91,Franciskus Hellen
92,Serene Coneron
93,Beverie Durant
94,Wenona Cool
95,Karie Gaenor
96,Sascha Dugdale
97,Kaitlynn Haggeth
98,Margaretha Bowdery
99,Katti Gaspar
100,Jaquith Allcock
