id,Nom
1,Latz
2,Janyx
3,Eabox
4,Izio
5,Browsebug
6,Eayo
7,Yacero
8,Oloo
9,Wikido
10,Agimba
11,Vinte
12,Wikizz
13,Centidel
14,Skalith
15,Rhybox
16,Ntags
17,Browsedrive
18,Skynoodle
19,Meeveo
20,Meezzy
21,Kwinu
22,Kaymbo
23,Thoughtsphere
24,Tazz
25,Twinte
26,Minyx
27,Tambee
28,Browsezoom
29,Meedoo
30,Skaboo
31,Skyndu
32,Thoughtstorm
33,Quatz
34,Oba
35,Lajo
36,Cogidoo
37,Kamba
38,Rhycero
39,Browseblab
40,Skyvu
41,Voonyx
42,Quinu
43,Camimbo
44,Ozu
45,Skajo
46,Photobug
47,Bubblemix
48,Agimba
49,Katz
50,Wikivu
51,Ntags
52,Mynte
53,Wikibox
54,Livetube
55,Jayo
56,Dablist
57,Wikivu
58,Yabox
59,Jabbersphere
60,Yodoo
61,Linkbuzz
62,Ainyx
63,Dazzlesphere
64,Vitz
65,Aimbu
66,Izio
67,Wikivu
68,Thoughtblab
69,Zoomcast
70,Browseblab
71,Blogspan
72,Babbleset
73,Skalith
74,Fadeo
75,Ailane
76,Brainverse
77,Topicshots
78,Fadeo
79,Lazzy
80,Nlounge
81,Quinu
82,Kaymbo
83,Kazio
84,Blognation
85,Kazio
86,Yombu
87,Feedbug
88,Jabberstorm
89,Eimbee
90,Oba
91,Feedspan
92,Bubblemix
93,Innojam
94,Oba
95,Feedfire
96,Realpoint
97,Skyble
98,Kimia
99,Skiba
100,Blognation
